{
    "loss": 1.056725263595581,
    "accuracy": 0.9642857313156128
}